<?xml version="1.0" encoding="UTF-8"?>
<!DOCTYPE mapper PUBLIC "-//mybatis.org//DTD Mapper 3.0//EN"
  "http://mybatis.org/dtd/mybatis-3-mapper.dtd">
<mapper namespace="mapperInterface.MemberMapper">
<!--  
** interface 를 통해 ~Mapper 접근
=> interface ~Mapper.java 의 패키지명 & 화일명과  
   ~Mapper.xml 의 패키지명 & 화일명 & namespace 값은 같아야됨. 
   
=> namespace: 자바클래스에서 mapper를 찾는 경로
			  다른 mapper와 중복되지 않도록 네임스페이스 기재   

*** mapper 기본문법 
1) #{id} : parameter 로 전달된 vo 의 id 라는 컬럼의 value 가 전달됨  
		   -> getId() 로 처리함, Map의 경우 키값이 id 인 값을 찾음.
		    
2) ${id} : 필드를 표현 (매개변수로 전달된 객체의 id 컬럼의 값을 table의 컬럼으로 인식하고 적용함)    
		   
3) CDATA : XML에서는  <,>등 비교연산자의 경우 XML규칙상 에러 나기때문에,
		   이기호를 연산자로 인식하도록 하기 위해서는 SQL문을 CDATA로 묶어 주어야 한다.
		   
		   <![CDATA[ SELECT * FROM table WHERE id < 1 ]]>
		   
4) 조건문, 반복문, sql, include, selectKey 등 		   
-->
  
<!-- ** JUnit Test ********************* -->
  <select id="selectJoOne" resultType="vo.MemberVO" >
  	select * from member where id=#{id} and jno=#{jno}
  </select>
  <select id="totalCount" resultType="int">
  	select count(*) from member 
  	where id != "admin"
  </select>

<!-- ** ********** ********************* -->  
<!-- ** Criteria PageList : ver02, SearchCriteria 
	=> ${searchType} 활용,
	=> searchType 의 값이 null 또는 'all' 확인하고
	   아닌경우에만 조건문 적용
	   
	=> CheckList : 반복문 적용   
-->
  <select id="checkList" resultType="vo.MemberVO">
	select * from member 
  	where id!='admin'   
	<if test="check!=null">
		and jno in   
		<foreach collection="check" item="it" open="(" close=")" separator=","   >
			#{it}
		</foreach>
	</if>
  	order by jno asc
  	limit #{sno}, #{rowsPerPage}
  </select>
  <select id="checkCount" resultType="int">
   	select count(*) from member 
  	where id!='admin' 
  	<if test="check!=null">
  			and jno in   
  			<foreach collection="check" item="it" open="(" close=")" separator=","   >
  				#{it}
  			</foreach>
  	</if>
  </select>	

  <sql id="search">
	<if test="keyword!=null">
			<bind name="keyVal" value="'%'+keyword+'%'"/>
	</if>
	<choose>
		<!-- searchType 에 값이 없는 경우에는 반드시 null 이어야함. 
			=> 처리 필요함 : 컨트롤러에서 처리함 --> 
		<when test="searchType!=null and searchType!='all'">
			and ${searchType} like #{keyVal} )
		</when>
		<otherwise>
			)
		</otherwise>
	</choose>
  </sql>

  <select id="searchList" resultType="vo.MemberVO">
  	select * from member 
  	where ( id!='admin' <include refid="search"></include>  
  	order by id asc
  	limit #{sno}, #{rowsPerPage}				
  </select>
  
  <select id="searchTotalCount" resultType="int">
  	select count(*) from member 
  	where ( id!='admin' <include refid="search"></include>
  </select>

<!-- ** ********** ****************************** --> 
  <!-- ** selectListJo -->
  <select id="selectListJo" resultType="vo.MemberVO">
  	select * from member where jno=#{jno}
  </select>
  
  <!-- ** <![CDATA[ 사용 -->
  <select id="selectList" resultType="vo.MemberVO">
  	<![CDATA[ select * from member where id <> 'admin' ]]>
  </select>
  
  <select id="selectOne" resultType="vo.MemberVO">
  	select * from member where id=#{id}
  </select>
  <!-- #{id} : parameter 로 전달된 vo 의 id 라는 컬럼의 value 가 전달됨 -->
  
  <insert id="insert" >
  	insert into member values( #{id},#{password},#{name},#{age},
  	#{jno},#{info},#{point},#{birthday},#{rid},#{uploadfile} )
  </insert>
  
  <update id="update">
  	update member set password=#{password}, name=#{name}, age=#{age},
  	jno=#{jno}, info=#{info}, point=#{point}, birthday=#{birthday},
  	rid=#{rid}, uploadfile=#{uploadfile} where id=#{id}
  </update>
  
  <delete id="delete">
  	delete from member where id=#{id}
  </delete>
  
</mapper>